INSERT INTO RESTAURANTE VALUES ('MC DONALD SEVILLA');
INSERT INTO RESTAURANTE VALUES ('MC DONALD MADRID');
INSERT INTO RESTAURANTE VALUES ('MC DONALD CORDOBA');

INSERT INTO CLIENTES VALUES ('Carlos Ruiz', 'carlos@gmail.com', 654789123, 'C/ La Vega 12', 'MC DONALD SEVILLA');
INSERT INTO CLIENTES VALUES ('Ana Torres', 'ana.t@gmail.com', 612345987, 'Av. España 45', 'MC DONALD MADRID');
INSERT INTO CLIENTES VALUES ('María López', 'mlopez@hotmail.com', 678912345, 'C/ Sol 8', 'MC DONALD CORDOBA');

INSERT INTO RESERVAS VALUES (1, 4, 'Terraza', DATE '2025-05-12', DATE '2025-05-12', 'Carlos Ruiz');
INSERT INTO RESERVAS VALUES (2, 2, 'Interior', DATE '2025-05-15', DATE '2025-05-15', 'Ana Torres');
INSERT INTO RESERVAS VALUES (3, 6, 'VIP', DATE '2025-05-20', DATE '2025-05-20', 'María López');

INSERT INTO EMPLEADOS VALUES ('11111111A', 'Cocinero', 'Luis Gómez', 1800, 'luis@em', 'C/ Luna 3', 600123456, 'ES11111111', 'MC DONALD SEVILLA');
INSERT INTO EMPLEADOS VALUES ('22222222B', 'Camarero', 'Pedro Sánchez', 1500, 'pedro@em', 'C/ Olivo 9', 611223344, 'ES22222222', 'MC DONALD SEVILLA');
INSERT INTO EMPLEADOS VALUES ('33333333C', 'Cocinero', 'Sofía Martín', 1900, 'sofia@em', 'Av. Verde 22', 699887766, 'ES33333333', 'MC DONALD MADRID');

INSERT INTO COCINEROS VALUES ('11111111A', 'Alta');
INSERT INTO COCINEROS VALUES ('33333333C', 'Media');

INSERT INTO CAMAREROS VALUES ('22222222B', 5);

INSERT INTO MESAS VALUES (10, 1, '22222222B');
INSERT INTO MESAS VALUES (11, 2, '22222222B');
INSERT INTO MESAS VALUES (12, 3, '22222222B');

INSERT INTO RECETAS VALUES (100, 'Gluten', 'Carne');
INSERT INTO RECETAS VALUES (101, 'Lactosa', 'Postre');
INSERT INTO RECETAS VALUES (102, 'Ninguno', 'Pasta');

INSERT INTO COCINAN VALUES ('11111111A', 100);
INSERT INTO COCINAN VALUES ('11111111A', 102);
INSERT INTO COCINAN VALUES ('33333333C', 101);

INSERT INTO PRODUCTOS VALUES (500, 'Harina', 1.20, 50);
INSERT INTO PRODUCTOS VALUES (501, 'Leche', 0.90, 80);
INSERT INTO PRODUCTOS VALUES (502, 'Carne Vacuno', 12.50, 20);
INSERT INTO PRODUCTOS VALUES (503, 'Pasta', 1.10, 100);

INSERT INTO CONSUMEN VALUES (100, 502);
INSERT INTO CONSUMEN VALUES (101, 501);
INSERT INTO CONSUMEN VALUES (102, 503);

INSERT INTO PROVEEDORES VALUES (9001, 'Distribuciones Sur', 5.00, 'Alta', 'ES90010001');
INSERT INTO PROVEEDORES VALUES (9002, 'Alimentos Martínez', 3.50, 'Media', 'ES90020002');
INSERT INTO PROVEEDORES VALUES (9003, 'Cárnicas López', 7.00, 'Alta', 'ES90030003');

INSERT INTO SON_COMPRADOS VALUES (500, 9001);
INSERT INTO SON_COMPRADOS VALUES (501, 9001);
INSERT INTO SON_COMPRADOS VALUES (502, 9003);
INSERT INTO SON_COMPRADOS VALUES (503, 9002);

SELECT * FROM RESTAURANTE;
SELECT * FROM CLIENTES;
SELECT * FROM RESERVAS;
SELECT * FROM EMPLEADOS;
SELECT * FROM COCINEROS;
SELECT * FROM CAMAREROS;
SELECT * FROM MESAS;
SELECT * FROM RECETAS;
SELECT * FROM COCINAN;
SELECT * FROM PRODUCTOS;
SELECT * FROM CONSUMEN;
SELECT * FROM PROVEEDORES;
SELECT * FROM SON_COMPRADOS;