INSERT INTO RESTAURANTE VALUES ('MC DONALD BARCELONA');
INSERT INTO RESTAURANTE VALUES ('MC DONALD VALENCIA');
INSERT INTO RESTAURANTE VALUES ('MC DONALD BILBAO');

INSERT INTO CLIENTES VALUES ('Juan Pérez', 'juan@gmail.com', 654321987, 'C/ Gran Vía 23', 'MC DONALD BARCELONA');
INSERT INTO CLIENTES VALUES ('Laura García', 'laura.g@gmail.com', 612987654, 'Av. Diagonal 56', 'MC DONALD VALENCIA');
INSERT INTO CLIENTES VALUES ('Pedro Martínez', 'pedro@hotmail.com', 678123456, 'C/ Mayor 7', 'MC DONALD BILBAO');

INSERT INTO RESERVAS VALUES (1, 3, 'Jardín', DATE '2026-01-23', DATE '2026-01-23', 'Juan Pérez');
INSERT INTO RESERVAS VALUES (2, 5, 'Salón', DATE '2026-01-25', DATE '2026-01-25', 'Laura García');
INSERT INTO RESERVAS VALUES (3, 4, 'Privado', DATE '2026-01-30', DATE '2026-01-30', 'Pedro Martínez');

INSERT INTO EMPLEADOS VALUES ('12345678A', 'Cocinero', 'María Fernández', 2000, 'maria@empresa.com', 'C/ Sol 15', 600987654, 'ES12345678', 'MC DONALD BARCELONA');
INSERT INTO EMPLEADOS VALUES ('87654321B', 'Camarero', 'José López', 1600, 'jose@empresa.com', 'C/ Luna 4', 611998877, 'ES87654321', 'MC DONALD BARCELONA');
INSERT INTO EMPLEADOS VALUES ('11223344C', 'Cocinero', 'Ana Rodríguez', 1850, 'ana@empresa.com', 'Av. Azul 33', 699112233, 'ES11223344', 'MC DONALD VALENCIA');

INSERT INTO COCINEROS VALUES ('12345678A', 'Alta');
INSERT INTO COCINEROS VALUES ('11223344C', 'Baja');

INSERT INTO CAMAREROS VALUES ('87654321B', 3);

INSERT INTO MESAS VALUES (20, 1, '87654321B');
INSERT INTO MESAS VALUES (21, 2, '87654321B');
INSERT INTO MESAS VALUES (22, 3, '87654321B');

INSERT INTO RECETAS VALUES (200, 'Nueces', 'Ensalada');
INSERT INTO RECETAS VALUES (201, 'Marisco', 'Pescado');
INSERT INTO RECETAS VALUES (202, 'Gluten', 'Pan');

INSERT INTO COCINAN VALUES ('12345678A', 200);
INSERT INTO COCINAN VALUES ('12345678A', 202);
INSERT INTO COCINAN VALUES ('11223344C', 201);

INSERT INTO PRODUCTOS VALUES (600, 'Tomate', 1.50, 60);
INSERT INTO PRODUCTOS VALUES (601, 'Queso', 2.30, 40);
INSERT INTO PRODUCTOS VALUES (602, 'Pescado', 15.00, 15);
INSERT INTO PRODUCTOS VALUES (603, 'Lechuga', 0.80, 90);

INSERT INTO CONSUMEN VALUES (200, 603);
INSERT INTO CONSUMEN VALUES (201, 602);
INSERT INTO CONSUMEN VALUES (202, 600);

INSERT INTO PROVEEDORES VALUES (8001, 'Verduras Norte', 4.00, 'Baja', 'ES80010001');
INSERT INTO PROVEEDORES VALUES (8002, 'Pescadería SL', 6.50, 'Alta', 'ES80020002');
INSERT INTO PROVEEDORES VALUES (8003, 'Lácteos SA', 2.00, 'Media', 'ES80030003');

INSERT INTO SON_COMPRADOS VALUES (600, 8001);
INSERT INTO SON_COMPRADOS VALUES (601, 8003);
INSERT INTO SON_COMPRADOS VALUES (602, 8002);
INSERT INTO SON_COMPRADOS VALUES (603, 8001);

SELECT * FROM RESTAURANTE;
SELECT * FROM CLIENTES;
SELECT * FROM RESERVAS;
SELECT * FROM EMPLEADOS;
SELECT * FROM COCINEROS;
SELECT * FROM CAMAREROS;
SELECT * FROM MESAS;
SELECT * FROM RECETAS;
SELECT * FROM COCINAN;
SELECT * FROM PRODUCTOS;
SELECT * FROM CONSUMEN;
SELECT * FROM PROVEEDORES;
SELECT * FROM SON_COMPRADOS;

