/*
ALTER SESSION SET "_ORACLE_SCRIPT"=TRUE;
CREATE USER MACDONALS IDENTIFIED BY MACDONALS;
GRANT CONNECT, RESOURCE, DBA TO MACDONALS;
*/

CREATE TABLE RESTAURANTE
(
	NOMBRE VARCHAR2(30),
	CONSTRAINT PK_RESTAURANTE PRIMARY KEY (NOMBRE)
);
CREATE TABLE CLIENTES
(
	NOMBRE VARCHAR2(30),
	CORREO VARCHAR2(50),
	TELEFONO NUMBER(10),
	DIRECCION VARCHAR2(30),
	NOMBRE_RESTAURANTE VARCHAR2(30),
	CONSTRAINT PK_CLIENTES PRIMARY KEY (NOMBRE),
	CONSTRAINT FK1_CLIENTES FOREIGN KEY (NOMBRE_RESTAURANTE) REFERENCES RESTAURANTE(NOMBRE)

);
CREATE TABLE RESERVAS
(
	CODIGO NUMBER(10),
	NUMERO_PERSONA NUMBER(10),
	ZONA VARCHAR2(30),
	FECHA DATE,
	HORA DATE,
	NOMBRE VARCHAR2(30),
	CONSTRAINT PK_RESERVAS PRIMARY KEY (CODIGO),
	CONSTRAINT FK1_RESERVAS FOREIGN KEY (NOMBRE) REFERENCES CLIENTES(NOMBRE)
);
CREATE TABLE EMPLEADOS
(
	DNI VARCHAR2(10),
	ROL VARCHAR2(10),
	NOMBRE VARCHAR2(30),
	SUELDO NUMBER(10),
	EMAIL VARCHAR2(20),
	DIRECCION VARCHAR2(50),
	TELEFONO NUMBER(10),
	CUENTA_BANCARIA VARCHAR2(10),
	NOMBRE_RESTAURANTE VARCHAR2(30),
	CONSTRAINT PK_EMPLEADOS PRIMARY KEY (DNI),
	CONSTRAINT FK1_EMPLEADOS FOREIGN KEY (NOMBRE_RESTAURANTE) REFERENCES RESTAURANTE(NOMBRE)
);
CREATE TABLE COCINEROS
(
	DNI VARCHAR2(10),
	GRADO_COCINA VARCHAR2(10),
	CONSTRAINT PK_COCINEROS PRIMARY KEY (DNI),
	CONSTRAINT FK1_COCINEROS FOREIGN KEY (DNI) REFERENCES EMPLEADOS(DNI)
);
CREATE TABLE CAMAREROS
(
	DNI VARCHAR2(10),
	ANIOS_TRABAJADOS NUMBER(10),
	CONSTRAINT PK_CAMAREROS PRIMARY KEY (DNI),
	CONSTRAINT FK1_CAMAREROS FOREIGN KEY (DNI) REFERENCES EMPLEADOS(DNI)
);
CREATE TABLE MESAS
(
	NUMERO NUMBER(10),
	CODIGO NUMBER(10),
	DNI VARCHAR2(10),
	CONSTRAINT PK_MESAS PRIMARY KEY (NUMERO),
	CONSTRAINT FK1_MESAS FOREIGN KEY (CODIGO) REFERENCES RESERVAS(CODIGO),
	CONSTRAINT FK2_MESAS FOREIGN KEY (DNI) REFERENCES CAMAREROS(DNI)
);
CREATE TABLE RECETAS
(
	CODIGO NUMBER(10),
	ALERGENOS VARCHAR2(10),
	TIPO VARCHAR2(10),
	CONSTRAINT PK_RECETAS PRIMARY KEY (CODIGO)
);
CREATE TABLE COCINAN
(
	DNI VARCHAR2(10),
	CODIGO NUMBER(10),
	CONSTRAINT PK_COCINAN PRIMARY KEY (DNI, CODIGO),
	CONSTRAINT FK1_COCINAN FOREIGN KEY (DNI) REFERENCES COCINEROS(DNI),
	CONSTRAINT FK2_COCINAN FOREIGN KEY (CODIGO) REFERENCES RECETAS(CODIGO)
);
CREATE TABLE PRODUCTOS
(
	ID NUMBER(10),
	NOMBRE VARCHAR2(30),
	PRECIO NUMBER(10,2),
	STOCK NUMBER(10),
	CONSTRAINT PK_PRODUCTOS PRIMARY KEY (ID)
);
CREATE TABLE CONSUMEN
(
	CODIGO_RECETAS NUMBER(10),
	ID NUMBER(10),
	CONSTRAINT PK_CONSUMEN PRIMARY KEY (CODIGO_RECETAS, ID),
	CONSTRAINT FK1_CONSUMEN FOREIGN KEY (CODIGO_RECETAS) REFERENCES RECETAS(CODIGO),
	CONSTRAINT FK2_CONSUMEN FOREIGN KEY (ID) REFERENCES PRODUCTOS(ID)
);
CREATE TABLE PROVEEDORES
(
	CIF NUMBER (10),
	NOMBRE VARCHAR2(30),
	DESCUENTO NUMBER(10,2),
	FIABILIDAD VARCHAR2(10),
	CUENTA_BANCARIA VARCHAR2(10),
	CONSTRAINT PK_PROVEEDORES PRIMARY KEY (CIF)
);
CREATE TABLE SON_COMPRADOS
(
	ID NUMBER(10),
	CIF NUMBER(10),
	CONSTRAINT PK_SON_COMPRADOS PRIMARY KEY (ID, CIF),
	CONSTRAINT FK1_SON_COMPRADOS FOREIGN KEY (ID) REFERENCES PRODUCTOS(ID),
	CONSTRAINT FK2_SON_COMPRADOS FOREIGN KEY (CIF) REFERENCES PROVEEDORES(CIF)
);

-- RESTAURANTES
INSERT INTO RESTAURANTE VALUES ('MC DONALD Sevilla');
INSERT INTO RESTAURANTE VALUES ('MC DONALD Madrid');
INSERT INTO RESTAURANTE VALUES ('MC DONALD Carmona');

-- CLIENTES
INSERT INTO CLIENTES VALUES ('Alberto Sánchez', 'alberto@gmail.com', 611111111, 'C/ Real 12', 'MC DONALD Sevilla');
INSERT INTO CLIENTES VALUES ('Natalia Romero', 'natalia@gmail.com', 622222222, 'Av. Europa 45', 'MC DONALD Madrid');
INSERT INTO CLIENTES VALUES ('Sergio Molina', 'sergio@hotmail.com', 633333333, 'Plaza Mayor 3', 'MC DONALD Carmona');

-- RESERVAS
INSERT INTO RESERVAS VALUES (10, 4, 'Salón', DATE '2026-02-15', DATE '2026-02-15', 'Alberto Sánchez');
INSERT INTO RESERVAS VALUES (11, 6, 'Terraza', DATE '2026-02-18', DATE '2026-02-18', 'Natalia Romero');
INSERT INTO RESERVAS VALUES (12, 2, 'Privado', DATE '2026-02-20', DATE '2026-02-20', 'Sergio Molina');

-- EMPLEADOS
INSERT INTO EMPLEADOS VALUES ('77889900G', 'Cocinero', 'Raúl Gómez', 1900, 'raul@empresa.com', 'C/ Fuego 9', 644444444, 'ES77889900', 'MC DONALD Sevilla');
INSERT INTO EMPLEADOS VALUES ('88990011H', 'Camarero', 'Elena Torres', 1600, 'elena@empresa.com', 'C/ Agua 18', 655555555, 'ES88990011', 'MC DONALD Madrid');
INSERT INTO EMPLEADOS VALUES ('99001122J', 'Cocinero', 'Iván Cruz', 2050, 'ivan@empresa.com', 'Av. Mar 27', 666666666, 'ES99001122', 'MC DONALD Carmona');

-- COCINEROS
INSERT INTO COCINEROS VALUES ('77889900G', 'Alta');
INSERT INTO COCINEROS VALUES ('99001122J', 'Alta');

-- CAMAREROS
INSERT INTO CAMAREROS VALUES ('88990011H', 4);

-- MESAS
INSERT INTO MESAS VALUES (30, 1, '88990011H');
INSERT INTO MESAS VALUES (31, 2, '88990011H');
INSERT INTO MESAS VALUES (32, 3, '88990011H');

-- RECETAS
INSERT INTO RECETAS VALUES (300, 'Lactosa', 'Hamburguesa');
INSERT INTO RECETAS VALUES (301, 'Gluten', 'Pan');
INSERT INTO RECETAS VALUES (302, 'Marisco', 'Ensalada');

-- COCINAN
INSERT INTO COCINAN VALUES ('77889900G', 300);
INSERT INTO COCINAN VALUES ('77889900G', 301);
INSERT INTO COCINAN VALUES ('99001122J', 302);

-- PRODUCTOS
INSERT INTO PRODUCTOS VALUES (700, 'Pan', 0.90, 120);
INSERT INTO PRODUCTOS VALUES (701, 'Carne', 5.50, 50);
INSERT INTO PRODUCTOS VALUES (702, 'Lechuga', 0.70, 100);
INSERT INTO PRODUCTOS VALUES (703, 'Gambas', 12.00, 20);

-- CONSUMEN
INSERT INTO CONSUMEN VALUES (300, 701);
INSERT INTO CONSUMEN VALUES (300, 700);
INSERT INTO CONSUMEN VALUES (302, 703);
INSERT INTO CONSUMEN VALUES (302, 702);

-- PROVEEDORES
INSERT INTO PROVEEDORES VALUES (9001, 'Carnes del Sur', 5.00, 'Alta', 'ES90010001');
INSERT INTO PROVEEDORES VALUES (9002, 'Huerta Fresca', 2.50, 'Media', 'ES90020002');
INSERT INTO PROVEEDORES VALUES (9003, 'Mariscos Costa', 7.00, 'Alta', 'ES90030003');

-- SON_COMPRADOS
INSERT INTO SON_COMPRADOS VALUES (700, 9002);
INSERT INTO SON_COMPRADOS VALUES (701, 9001);
INSERT INTO SON_COMPRADOS VALUES (702, 9002);
INSERT INTO SON_COMPRADOS VALUES (703, 9003);


SELECT * FROM RESTAURANTE;
SELECT * FROM CLIENTES;
SELECT * FROM RESERVAS;
SELECT * FROM EMPLEADOS;
SELECT * FROM COCINEROS;
SELECT * FROM CAMAREROS;
SELECT * FROM MESAS;
SELECT * FROM RECETAS;
SELECT * FROM COCINAN;
SELECT * FROM PRODUCTOS;
SELECT * FROM CONSUMEN;
SELECT * FROM PROVEEDORES;
SELECT * FROM SON_COMPRADOS;